objectid,iso3cd,romnam,maplab,contcd,stscod,typ005,typ025,del025,isoclr,globalid,st_area_sh,st_length_
661,ABW,Aruba,Aruba (Neth.),AME,4,1,0,0,NLD,{CE2C477B-7011-47FD-8F70-DCDBB2AD3FDB},0.0153301829022,0.63977261168
662,AFG,Afghanistan,AFGHANISTAN,ASI,1,0,0,0,AFG,{323656A0-8F9E-4359-89D0-74336664356A},62.5526228735,59.4470091248
663,AGO,Angola,ANGOLA,AFR,1,0,0,0,AGO,{F1302945-10FC-4519-9C4B-7B44DDDD1A6F},103.788699396,71.3445470512
664,AIA,Anguilla,Anguilla *,AME,3,1,1,0,GBR,{AAF88995-F8F1-4F00-B539-625939E73FAD},0.00705306930381,0.719137134757
665,ALA,Åland Islands,Åland Islands (Finland),EUR,4,1,1,0,FIN,{FDC8C4B2-21FB-436E-95FE-F1AD0BB182D9},0.192470597048,17.4631972378
666,ALB,Albania,ALBANIA,EUR,1,0,2,0,ALB,{572BCE8E-B38B-4BCD-84E4-3648FE195245},3.07466324013,13.3722992482
667,AND,Andorra,ANDORRA,EUR,1,0,0,0,AND,{A4355E3F-9BBB-497B-A815-B5C6DC64D4C4},0.0509026287309,1.27111437297
668,ARE,United Arab Emirates,UNITED ARAB EMIRATES,ASI,1,2,2,0,ARE,{68EA40CE-CD48-45F1-A7BB-94819EFF1648},6.26945819955,27.9315720099
669,ARG,Argentina,ARGENTINA,AME,1,2,2,0,ARG,{9A00252F-6FED-42EC-98ED-CF716FF1D2C4},278.321847247,174.95650791
670,ARM,Armenia,ARMENIA,ASI,1,0,0,0,ARM,{A335F265-01F3-492F-9FF4-6FA7C647F18C},3.1475048177,16.3468126807
674,ATG,Antigua and Barbuda,ANTIGUA AND BARBUDA,AME,1,1,1,0,ATG,{0638F374-A7D7-4DE4-BCAE-62239B2FFFF0},0.0376638969284,2.30101150366
675,AUS,Australia,AUSTRALIA,OCE,1,2,2,0,AUS,{B2D55C77-A16B-45FC-8078-7A9A808D0472},695.557753314,503.998346867
676,AUT,Austria,AUSTRIA,EUR,1,0,0,0,AUT,{C51D10F6-6010-4C6F-B1FF-8A32829FF81E},10.0372953483,28.5605463061
677,AZE,Azerbaijan,AZERBAIJAN,ASI,1,0,0,0,AZE,{65446C33-A162-4D23-A270-8FF6E7B6F02E},17.4110675485,34.5229521514
671,ASM,American Samoa,American Samoa *,OCE,3,1,1,0,USA,{B8D4B37B-DC91-4CDA-980F-4BC0B6C5D623},0.0169166679715,1.82506709062
672,ATA,Antarctica,ANTARCTICA,--,0,2,2,0,ATA,{4E0830DE-EBB4-403C-84BC-485C43AC6D50},6041.96579858,1648.3196295
673,ATF,French Southern Territories,French Southern Territories (Fr.),AFR,4,1,1,0,FRA,{B25F63DC-17D9-4E16-AB17-47D2EFFF55BF},0.936335340047,31.4311111626
678,BDI,Burundi,BURUNDI,AFR,1,2,2,0,BDI,{565D778C-57D0-4AEC-A9E8-341108E286AF},2.1845806572,9.31704379508
679,BEL,Belgium,BELGIUM,EUR,1,0,0,0,BEL,{C54B312A-03AB-473E-9ACF-38DC5BF892E1},3.89676174076,15.7692092039
680,BEN,Benin,BENIN,AFR,1,0,0,0,BEN,{C2A35374-563F-45D5-B133-822AC9819646},9.49878429533,20.3691298429
863,SOM,Somalia,SOMALIA,AFR,1,2,0,0,SOM,{82C7AF00-7E00-4663-84F7-0F38BDEFF43A},51.8183242353,53.4018504901
681,BES,Bonaire,Bonaire (Neth.),AME,4,1,1,0,NLD,{F78E2229-EB61-4C3E-863C-0B382C8F35DD},0.0270118233216,1.40817452202
682,BFA,Burkina Faso,BURKINA FASO,AFR,1,0,0,0,BFA,{10CD2FC3-EFCD-4D5D-8829-9217CD5B825A},22.707745177,33.2902800159
683,BGD,Bangladesh,BANGLADESH,ASI,1,2,2,0,BGD,{3FE5157D-6FE5-4090-A4EC-FF893C8470EF},12.3833870986,98.443185734
684,BGR,Bulgaria,BULGARIA,EUR,1,0,0,0,BGR,{63CF4DB3-E307-4EA2-B26F-93B58956D51A},12.2156103891,24.1150790687
685,BHR,Bahrain,BAHRAIN,ASI,1,1,1,0,BHR,{67C5AB70-FD93-4013-A936-59B7338C5D85},0.0607156275066,2.7126194537
686,BHS,Bahamas,BAHAMAS,AME,1,1,1,0,BHS,{0D50CD84-0CEA-4353-9A66-1AF1D345EF99},1.18656831723,65.0068308533
687,BIH,Bosnia and Herzegovina,BOSNIA AND HERZEGOVINA,EUR,1,0,0,0,BIH,{E9A300BE-33CC-45BC-B9D0-3C7543D59AE5},5.76163661616,17.091965802
688,BLM,Saint Barthélemy,Saint Barthélemy (Fr.),AME,4,1,0,0,FRA,{583E5F37-BEDC-4EE6-B2CA-A10434F11599},0.00184800139609,0.247875626213
689,BLR,Belarus,BELARUS,EUR,1,0,0,0,BLR,{0B4766FE-AA44-4FA0-BC73-76754731659A},28.1476258074,43.4724827905
690,BLZ,Belize,BELIZE,AME,1,2,2,0,BLZ,{18DB8565-8969-4959-8581-5B1339B2E807},1.88183232297,14.5317544919
691,BMU,Bermuda,Bermuda *,AME,3,1,1,0,GBR,{3FC0FA3C-8A52-4F0D-9BC1-42949645B075},0.00607248266361,1.2652697355
692,BOL,Bolivia (Plurinational State of),BOLIVIA (PLURINATIONAL STATE OF),AME,1,0,0,0,BOL,{45759BCF-58F0-4811-9BB1-3E675B09B1EF},91.9630776633,65.0427334125
693,BRA,Brazil,BRAZIL,AME,1,2,2,0,BRA,{8F56B90A-827A-4D8E-8D1F-B0A0AA4F108A},708.010561257,324.699302512
799,MCO,Monaco,MONACO,EUR,1,0,0,0,MCO,{1BF55EA5-ECB8-4D27-A3B5-4BEE450BE841},0.000277163705838,0.0866595860667
800,MDA,Republic of Moldova,REPUBLIC OF MOLDOVA,EUR,1,0,0,0,MDA,{D1A8A8FC-1923-448B-9C04-6986D22ED31A},4.01928631056,21.1616626394
694,BRB,Barbados,BARBADOS,AME,1,1,0,0,BRB,{A49520C9-C563-4893-8D4D-32032AA5C7C4},0.0366313254344,0.824962990495
695,BRN,Brunei Darussalam,BRUNEI DARUSSALAM,ASI,1,0,0,0,BRN,{7E5E2B9E-64E3-4932-970A-3972783E2761},0.480698816681,6.18418768663
696,BTN,Bhutan,BHUTAN,ASI,1,0,0,0,BTN,{BCAA3C98-913E-4B25-AFB2-5B9B19F84F12},3.53022931088,10.8888088962
697,BVT,Bouvet Island,Bouvet Island,AFR,4,1,0,0,NOR,{8C9DDFC7-E123-42B5-8C3F-880263EF4820},0.00674068613651,0.366430870699
698,BWA,Botswana,BOTSWANA,AFR,1,0,0,0,BWA,{2820A770-7D92-440E-8913-801BFD8D7158},50.6534368807,39.4675265455
699,CAF,Central African Republic,CENTRAL AFRICAN REPUBLIC,AFR,1,0,0,0,CAF,{F42CA988-A097-4CCD-8778-F6242F8E3DA4},50.6971306267,50.0049301146
700,CAN,Canada,CANADA,AME,1,2,2,0,CAN,{37B424A5-BCBC-41F9-A79B-C53911977848},1697.77295514,3673.90474487
701,CCK,Cocos (Keeling) Islands,Cocos (Keeling) Is. (Aust.),OCE,4,1,1,0,AUS,{BB25D6B7-8086-49BF-A3E1-6D9B7212395F},0.00149759269344,0.59444729462
702,CHE,Switzerland,SWITZERLAND,EUR,1,0,0,0,CHE,{E016BF62-CC03-43E6-A5CD-572A8AB4CA1A},4.86568315462,19.7478001897
703,CHL,Chile,CHILE,AME,1,2,2,0,CHL,{63A6B8F7-31D3-4CE9-A6CE-5013D7944E00},78.7843437916,698.615945632
704,CHN,China,CHINA,ASI,1,2,2,0,CHN,{EAB5E1EC-0FEF-4573-90DA-59CAA04EB493},949.042874968,450.266138335
705,CIV,Côte d'Ivoire,CÔTE D'IVOIRE,AFR,1,0,0,0,CIV,{8BE0F857-1E7D-42D9-A004-0B249ECE2329},26.3693356819,35.9272270651
706,CMR,Cameroon,CAMEROON,AFR,1,0,0,0,CMR,{E1C5F6D4-5E9B-4D6D-BBF6-64C3BD251EFF},38.0173493288,49.9766395279
707,COD,Democratic Republic of the Congo,DEMOCRATIC REPUBLIC OF THE CONGO,AFR,1,0,0,0,COD,{258B40CB-D1F5-4D2C-84E4-B24DFA84B787},190.049201715,97.9989099955
708,COG,Congo,CONGO,AFR,1,0,0,0,COG,{6960FFF9-1DF9-4E36-A016-493B0D922ADA},27.8415587364,47.6406707176
717,CYM,Cayman Islands,Cayman Islands *,AME,3,1,1,0,GBR,{B432CBB2-1656-44D7-9D8F-12B5ED0491D0},0.0238872323589,1.80672056854
718,CYP,Cyprus,CYPRUS,EUR,1,2,0,0,CYP,{E1E98E5A-10EF-419E-BABC-F3C8DF77C9DC},0.888525300894,8.0330350773
719,CZE,Czechia,CZECHIA,EUR,1,0,0,0,CZE,{0D48B050-CB9E-47C4-B9C8-77BE78FCA311},9.83834959213,24.3359826003
720,DEU,Germany,GERMANY,EUR,1,0,0,0,DEU,{6A687BF8-C1A3-4581-B078-633D7F3748EB},45.9455925568,83.4454883909
721,DJI,Djibouti,DJIBOUTI,AFR,1,2,2,0,DJI,{A8DC4294-6A80-4FFA-AA7B-4ED598D51F89},1.79742689493,8.80833300498
782,KNA,Saint Kitts and Nevis,SAINT KITTS AND NEVIS,AME,1,1,1,0,KNA,{DC1A2339-434C-49BA-9EA7-B22227A647C3},0.0234343795725,1.05427379214
783,KOR,Republic of Korea,REPUBLIC OF KOREA,ASI,1,2,2,0,KOR,{4EE8A246-90F1-4F0C-91C0-57B1854F62BD},10.1012053622,84.7525603065
709,COK,Cook Islands,COOK ISLANDS,OCE,1,1,1,0,NZL,{C382A129-E6C5-4DED-817B-C9E4CB5ABDC0},0.0214327680244,3.10802679235
710,COL,Colombia,COLOMBIA,AME,1,2,2,0,COL,{8A168190-12E2-4C5B-B56F-8A88165394BA},92.8220804972,90.6042285985
711,COM,Comoros,COMOROS,AFR,1,1,1,0,COM,{8E425028-6DBE-469B-9478-DF649D1CBD51},0.137145609867,4.11706709456
712,CPV,Cabo Verde,CABO VERDE,AFR,1,1,1,0,CPV,{BAD459DB-4146-4432-93CA-BA488F1F42AC},0.343070022704,9.7415945469
713,CRI,Costa Rica,COSTA RICA,AME,1,2,2,0,CRI,{7BA1BD51-79BC-441D-B105-3864055B758D},4.21888269234,21.9163665888
714,CUB,Cuba,CUBA,AME,1,1,1,0,CUB,{A1D4B0A8-2FAF-44C0-B15A-DBD2B7A605FD},9.66511136803,86.9729516865
715,CUW,Curaçao,Curaçao (Neth.),EUR,4,1,1,0,NLD,{97960D0F-5579-4CDE-8CCB-C7CBE3D43469},0.0371499565839,1.32133757842
716,CXR,Christmas Island,Christmas Island (Aust.),OCE,4,1,0,0,AUS,{AA844E0C-FB8F-41E3-AE96-5E2B31B84F7D},0.0113287901132,0.644466199962
741,GBR,United Kingdom,United Kingdom,EUR,1,2,2,0,GBR,{D18502BE-32A7-491C-859B-6AAFB0F7A566},31.7600131452,202.03777182
742,GEO,Georgia,GEORGIA,EUR,1,0,0,0,GEO,{771E7928-99C8-415A-ACA1-EB6AB0DEF0DA},7.59021251101,22.6571814272
784,KWT,Kuwait,KUWAIT,ASI,1,2,2,0,KWT,{F1B4ADB7-EBF7-43BF-BCBA-FB4BDEB0AEBF},1.61078835081,10.3895997268
785,LAO,Lao People's Democratic Republic,LAO PEOPLE'S DEMOCRATIC REPUBLIC,ASI,1,0,0,0,LAO,{87C313F2-C91C-472F-A259-587D41BFDF51},19.7233211981,45.3514140947
786,LBN,Lebanon,LEBANON,ASI,1,0,0,0,LBN,{6089A976-2694-418B-B9E2-C689B02F7ABF},0.99607431474,7.5368643844
787,LBR,Liberia,LIBERIA,AFR,1,0,0,0,LBR,{DA16C603-BE22-47B1-9D5F-7507FEDE543E},7.84468223131,21.1725304297
788,LBY,Libya,LIBYA,AFR,1,0,0,0,LBY,{B95D74C4-6CCB-428E-9E76-5B5AF0452CA4},147.24501421,60.1529112173
801,MDG,Madagascar,MADAGASCAR,AFR,1,0,0,0,MDG,{911F02C9-ADD0-4692-BA74-6B83F8845988},50.9664241224,78.1513044817
722,DMA,Dominica,DOMINICA,AME,1,1,1,0,DMA,{3F003A90-86D0-414F-B5EB-25CB84ADC2E6},0.0632561890689,1.32735782646
723,DNK,Denmark,DENMARK,EUR,1,2,2,0,DNK,{2D10E0B2-591B-499A-991D-B077437B2306},6.20213559311,71.0934494022
724,DOM,Dominican Republic,DOMINICAN REPUBLIC,AME,1,2,2,0,DOM,{845ED0DB-C696-4EC0-AC16-26F3094F73E7},4.13203471107,16.8984411781
725,DZA,Algeria,ALGERIA,AFR,1,0,0,0,DZA,{647E340A-B91D-492E-90AE-9641CC5EFE53},212.622535708,76.4132597328
726,ECU,Ecuador,ECUADOR,AME,1,2,2,0,ECU,{44F0494C-E0CF-4663-9818-11D21F34D06F},20.8511412597,45.1527676368
727,EGY,Egypt,EGYPT,AFR,1,0,0,0,EGY,{C9659DDB-596F-4993-B332-AAB8FA3ED7DA},89.0088804524,66.4845301739
728,ERI,Eritrea,ERITREA,AFR,1,2,2,0,ERI,{EFE9B0CA-B1E3-409D-A69D-1D4463031FA2},10.1379220392,40.8458486167
729,ESH,Western Sahara,Western Sahara *,AFR,3,0,0,0,ESH,{FAC868CD-F8B8-42FD-8DE2-B015F61A1772},23.9688517723,29.4271207168
730,ESP,Spain,SPAIN,EUR,1,0,2,0,ESP,{3A530738-36A2-45A5-BAB9-9A85CC9CD109},53.5614585932,82.0662535055
731,EST,Estonia,ESTONIA,EUR,1,2,2,0,EST,{7FEB9C98-9C7C-4FBC-9A6E-E43D2220F548},7.02076368892,35.6785071366
732,ETH,Ethiopia,ETHIOPIA,AFR,1,2,0,0,ETH,{ED96218A-39D1-4E16-B0AC-40AB927D0818},92.8420739865,50.5703615246
733,FIN,Finland,FINLAND,EUR,1,2,2,0,FIN,{3B61B444-1547-4D3F-A8B9-9FC8D875213F},62.6966729731,153.541004894
734,FJI,Fiji,FIJI,OCE,1,1,1,0,FJI,{A9818C3F-D738-4E9A-8CFC-15D5431D369A},1.59978288711,39.1099837348
735,FLK,Falkland Islands (Malvinas),Falkland Islands (Malvinas) *,AME,3,1,1,0,GBR,{D7B071D2-B9F7-47A8-B2BD-783BB438BEE1},1.56620622068,55.1210406493
736,FRA,France,FRANCE,EUR,1,0,2,0,FRA,{8146E1A3-739F-4189-B580-0FD9740F7A0B},64.4748242479,93.5978319609
743,GGY,Guernsey,Guernsey (UK),EUR,4,1,1,0,GBR,{ABBA044C-DAE5-4F54-9473-FE12D969E86A},0.00994164876211,0.946706822943
744,GHA,Ghana,GHANA,AFR,1,0,0,0,GHA,{2B4CB553-E739-4057-93C9-FEE7A699C57E},19.5907229,25.6094134996
745,GIB,Gibraltar,Gibraltar *,EUR,3,0,0,0,GBR,{70FF15B9-7E38-45DE-AF1D-7C1389A3E57C},0.000571980621613,0.117739397738
746,GIN,Guinea,GUINEA,AFR,1,2,2,0,GIN,{DD01AEE1-CB21-4319-9712-ED9A62BAD164},20.2389884803,43.3581121356
765,IMN,Isle of Man,Isle of Man (UK),EUR,4,1,1,0,GBR,{F877931D-0137-435B-A1D9-4A4DDF22E07A},0.0789799559854,1.70950607045
766,IND,India,INDIA,ASI,1,2,2,0,IND,{102BB349-C594-4505-974C-8D9DF15012CA},261.736519048,222.862289147
767,IRL,Ireland,Ireland,EUR,1,2,2,0,IRL,{BB215BED-1C19-4873-B049-2559ADE6E797},9.39375429856,80.697341944
737,FRO,Faroe Islands,Faroe Islands (Denmark),EUR,4,1,1,0,DNK,{9CE18CDF-3082-4290-AFE4-B64BDBE3D796},0.243134962209,12.5905015357
738,FSM,Micronesia (Federated States of),MICRONESIA (FEDERATED STATES OF),OCE,1,1,1,0,FSM,{402C77D7-500F-4D87-B9AD-6BC922A25EF5},0.0567005592651,6.2750454025
739,GAB,Gabon,GABON,AFR,1,2,2,0,GAB,{B04E77B0-E459-477A-BC45-609355E3216E},21.375106534,36.9154644752
740,GBR,Northern Ireland (United Kingdom),Northern Ireland (United Kingdom),EUR,1,2,2,0,GBR,{BD2186BC-8D8B-4341-9B9C-D83522FB1A87},1.96632003364,13.691885442
747,GLP,Guadeloupe,Guadeloupe (Fr.),AME,4,1,1,0,FRA,{32355BF9-4552-4D48-84DD-7638B2A115EB},0.141749829513,3.57226949906
748,GMB,Gambia,GAMBIA,AFR,1,0,0,0,GMB,{9F85D820-A2EA-40D6-AEC2-396B48BB2602},0.900860308987,10.428117881
749,GNB,Guinea-Bissau,GUINEA-BISSAU,AFR,1,2,2,0,GNB,{D230AFAC-FA3D-4FC1-8374-FF9E8C8B076C},2.8176026099,26.5540286755
752,GRD,Grenada,GRENADA,AME,1,1,1,0,GRD,{70A745F4-3499-49ED-8E52-04FAE37B5744},0.0303819506167,1.35347516114
753,GRL,Greenland,Greenland (Denmark),--,4,2,2,0,DNK,{96714998-5AD8-4939-B3A6-DDA7F6CF49ED},662.855215626,1359.45717455
754,GTM,Guatemala,GUATEMALA,AME,1,0,0,0,GTM,{DE956201-1406-4D78-BE8D-E72FAEC95ACB},9.18434510129,19.2422069842
755,GUF,French Guiana,French Guiana (Fr.),AME,4,2,2,0,FRA,{C6A1B7ED-1ACE-489C-84E5-0C4DFA5F68AE},6.80970465561,15.0763616617
768,IRN,Iran (Islamic Republic of),IRAN (ISLAMIC REPUBLIC OF),ASI,1,2,2,0,IRN,{A84EEC40-3B1D-497B-886A-8C322CFC7632},161.811714896,97.1591653912
769,IRQ,Iraq,IRAQ,ASI,1,2,0,0,IRQ,{FDF7581A-CC9B-4B71-95D7-3CF2B21D610A},42.2115137176,37.5776503448
770,ISL,Iceland,ICELAND,EUR,1,2,1,0,ISL,{D9FF79FE-E13E-4CFC-8B31-EDACE1E0D68C},19.5130190302,81.9925828998
771,ISR,Israel,ISRAEL,ASI,1,0,0,0,ISR,{A05FCA9B-C122-4FF5-A3CB-B1B9A04C721E},1.96909684419,11.9081483756
772,ITA,Italy,ITALY,EUR,1,2,2,0,ITA,{1C9FDC08-89A2-4189-80FF-F5770FF26871},33.1482862009,89.9395091268
789,LCA,Saint Lucia,SAINT LUCIA,AME,1,1,0,0,LCA,{83F4B4F5-8E06-40EA-B3C9-3C28885C248A},0.051629816363,1.06574743996
802,MDV,Maldives,MALDIVES,ASI,1,1,1,0,MDV,{31E24D6A-9699-4739-A9A0-627EF21DE02E},0.0159193115459,7.84733098634
803,MEX,Mexico,MEXICO,AME,1,2,2,0,MEX,{3A8580EE-06FC-4630-808D-CA7E401CEB3E},174.723376542,166.86995207
804,MHL,Marshall Islands,MARSHALL ISLANDS,OCE,1,1,1,0,MHL,{6FDDDB52-B235-490B-9B95-CEBEB92DA8B5},0.016345900939,9.40567216296
805,MKD,North Macedonia,NORTH MACEDONIA,EUR,1,0,0,0,MKD,{1FD1A964-1947-4B8A-BE29-99ABC4BE9463},2.74685954028,8.7784974927
806,MLI,Mali,MALI,AFR,1,0,0,0,MLI,{A295AB53-9FEA-4AB3-A592-7759064BF90C},106.863002639,72.4866770786
750,GNQ,Equatorial Guinea,EQUATORIAL GUINEA,AFR,1,2,2,0,GNQ,{5589345C-E2C1-4DB5-8D15-313594631D1D},2.19263781511,8.95076807413
751,GRC,Greece,GREECE,EUR,1,2,2,0,GRC,{BA3C9FF9-1C13-459D-BE3D-699581B98617},13.7739716683,132.656635009
781,KIR,Kiribati,KIRIBATI,OCE,1,1,1,0,KIR,{8B034AF0-85F7-40E0-AE35-2CD94063A009},0.0758923136614,14.2029409343
796,MAC,Macao,"Macao, China",ASI,5,1,1,0,CHN,{495F6E6C-E784-4DD4-8466-D8417844399A},0.00213470188798,0.343854343524
756,GUM,Guam,Guam *,OCE,3,1,1,0,USA,{F356BAD1-FD34-4403-AEB8-A1C57EA2004E},0.0467959960191,1.43301946183
757,GUY,Guyana,GUYANA,AME,1,2,2,0,GUY,{FFB46A17-CAEE-4050-BB24-81AE034D4FAC},17.2528220204,34.3113061561
758,HKG,Hong Kong,"Hong Kong, China",ASI,5,2,2,0,CHN,{3FD3E54F-39B7-4A6F-9703-8347AA02D8DA},0.0948912169876,6.42955955651
759,HMD,Heard Island and McDonald Islands,Heard Is. & McDonald Is. (Aust.),AFR,4,1,1,0,AUS,{9D318D1C-63A3-442A-BA2E-14927118F399},0.0509904006083,1.62385666817
760,HND,Honduras,HONDURAS,AME,1,2,2,0,HND,{4F94FBAB-BF3E-4DEE-A435-A31844E6EEC3},9.46404938231,26.7080923769
761,HRV,Croatia,CROATIA,EUR,1,2,2,0,HRV,{E65C2509-3076-4F37-8A7B-7CAC2BFD76D9},6.44863422275,67.3287131526
762,HTI,Haiti,HAITI,AME,1,2,2,0,HTI,{8CAAC014-27AD-4C05-AF09-487D139F6ABD},2.31179751978,21.5124282727
763,HUN,Hungary,HUNGARY,EUR,1,0,0,0,HUN,{C0E2C6A1-6001-44B2-96C3-8F4A0EA90FC8},11.0347049831,23.546112975
764,IDN,Indonesia,INDONESIA,ASI,1,2,2,0,IDN,{4A7A7041-A19D-4AFE-821C-8FE3409A4307},153.763824977,720.497960516
797,MAF,Saint Martin,Saint Martin (Fr.),AME,4,2,0,0,FRA,{A233EBCE-E63D-4D2A-995F-DD950544C921},0.00472722693129,0.52495029756
798,MAR,Morocco,MOROCCO,AFR,1,0,0,0,MAR,{D1807C6E-6F3F-4073-B710-6F8002749D79},39.4702585078,40.517416376
773,JAM,Jamaica,JAMAICA,AME,1,1,0,0,JAM,{95C9E6D3-A5C0-42EF-915F-414185DDAC27},0.941417740016,6.98660315176
774,JEY,Jersey,Jersey (UK),EUR,4,1,0,0,GBR,{93A742C8-3E93-40BF-B951-51FBC6CD6DBB},0.014793362865,0.732756129899
775,JOR,Jordan,JORDAN,ASI,1,0,0,0,JOR,{1E3F5A62-3754-4AC8-8F8D-E9157EC9B4D9},8.44031155437,17.2673576016
776,JPN,Japan,JAPAN,ASI,1,1,1,0,JPN,{6A640251-5DC8-4561-B410-433394AED9C0},38.1797652392,219.172361547
777,KAZ,Kazakhstan,KAZAKHSTAN,ASI,1,0,0,0,KAZ,{6FEEDF9E-8624-46E8-810D-580947B09D55},342.786267876,160.417943245
778,KEN,Kenya,KENYA,AFR,1,0,0,0,KEN,{355F21E4-6620-4B8C-87A5-5DC0034DBB4F},47.3835726583,40.763785856
779,KGZ,Kyrgyzstan,KYRGYZSTAN,ASI,1,2,0,0,KGZ,{81A19BE9-2670-4EDA-AE3E-2357E7E84EBE},21.3775256598,48.5392587248
780,KHM,Cambodia,CAMBODIA,ASI,1,2,2,0,KHM,{71B4778A-82DC-4B93-B0DA-A5CB42EB6107},15.1014521469,29.3570132101
790,LIE,Liechtenstein,LIECHTENSTEIN,EUR,1,0,0,0,LIE,{8CC6145B-AFAB-45AA-9CAC-A1B2C6D5E5BE},0.0189723416426,0.781426566306
791,LKA,Sri Lanka,SRI LANKA,ASI,1,1,1,0,LKA,{BDA5D710-F199-4B3D-B828-592B9619C94C},5.42403743679,21.8555496083
792,LSO,Lesotho,LESOTHO,AFR,1,0,0,0,LSO,{1230872B-55D7-427C-AA9B-7702AC5338AC},2.84704467158,10.0459986081
793,LTU,Lithuania,LITHUANIA,EUR,1,0,0,0,LTU,{9EE082D4-E5DD-4AA5-9B71-F7CD53175A06},9.24318450818,20.2825092828
794,LUX,Luxembourg,LUXEMBOURG,EUR,1,0,0,0,LUX,{8FE6BCC3-AD60-41E2-AFCD-B2F08349CDED},0.324036200452,3.72560083332
795,LVA,Latvia,LATVIA,EUR,1,0,0,0,LVA,{A96FE483-F19C-46A5-88BD-EF55C6AFB0E9},9.50672460328,22.8521460273
807,MLT,Malta,MALTA,EUR,1,1,1,0,MLT,{04C739C8-B1DE-4550-9631-A0D7F1758033},0.0314471930051,1.32009217657
808,MMR,Myanmar,MYANMAR,ASI,1,2,2,0,MMR,{D3305EF3-B801-43D0-9569-C9D19181BC7E},58.2774078054,186.318915672
809,MNE,Montenegro,MONTENEGRO,EUR,1,2,0,0,MNE,{F3C4FA0F-67C9-4E91-BA31-371A6B2940A7},1.52905612329,9.46957719988
810,MNG,Mongolia,MONGOLIA,ASI,1,0,0,0,MNG,{A367E3E7-3B9A-4F7A-A72F-50857CB4438F},184.66418225,94.4072825479
811,MNP,Northern Mariana Islands,Northern Mariana Is. (USA),OCE,4,1,1,0,USA,{CEDB1F48-F521-46D0-A8A5-C86CE43D7787},0.040336332532,3.25296604889
812,MOZ,Mozambique,MOZAMBIQUE,AFR,1,2,2,0,MOZ,{C34A366F-66B2-4CC6-AB97-5978C29263CA},67.0258763215,97.6886331124
813,MRT,Mauritania,MAURITANIA,AFR,1,2,2,0,MRT,{7DA43CF9-2574-4744-A4C2-08934DE08545},89.7504383569,57.2332527383
814,MSR,Montserrat,Montserrat *,AME,3,1,0,0,GBR,{1C684906-EE78-4786-BCAF-6B18B09EEE0C},0.00868643920585,0.389800858128
815,MTQ,Martinique,Martinique (Fr.),AME,4,1,1,0,FRA,{9629CAFD-4311-499A-9C4F-5AB2343BB845},0.0958344303449,2.38251175928
816,MUS,Mauritius,MAURITIUS,AFR,1,1,1,0,MUS,{4C43AB62-FA80-41A7-969C-3502D6F732A9},0.17822680588,5.81405932013
817,MWI,Malawi,MALAWI,AFR,1,2,0,0,MWI,{4DF213F5-A79D-4AAA-8A39-CE854557A725},9.88498516846,28.1680694743
818,MYS,Malaysia,MALAYSIA,ASI,1,2,2,0,MYS,{563A7ADA-CA29-4C23-B3C9-93BD4B058249},26.8570986056,88.2427796874
848,REU,Réunion,Réunion (Fr.),AFR,4,1,0,0,FRA,{547AA7F9-6081-4097-B4B8-D7DDD4EE56B9},0.22122857179,1.89788130417
849,ROU,Romania,ROMANIA,EUR,1,0,0,0,ROU,{39AF1AC7-9294-4AB5-BE86-00884A34EF0A},27.61273561,35.6973656521
850,RUS,Russian Federation,RUSSIAN FEDERATION,EUR,1,2,2,0,RUS,{C0B69F1C-2162-4FE0-9B79-AF90EDABFB8B},2931.49775403,1978.24323011
851,RWA,Rwanda,RWANDA,AFR,1,0,0,0,RWA,{103B7A03-6FC4-4AF2-9994-24E774F2E4A2},2.06318298232,8.25518323684
852,SAU,Saudi Arabia,SAUDI ARABIA,ASI,1,2,2,0,SAU,{EBD11544-C38F-406E-BA91-B51EF30DC436},171.363783672,102.520912551
853,SDN,Sudan,SUDAN,AFR,1,2,2,0,SDN,{DB36FD24-093B-42C5-92EF-FEEAA87C23B5},157.530842669,78.3532195546
854,SEN,Senegal,SENEGAL,AFR,1,2,0,0,SEN,{78C876A3-B33F-4A67-ADCC-5DF82C43BFB5},16.4790132649,31.3844904839
819,MYT,Mayotte,Mayotte,AFR,4,1,1,0,FRA,{D249BBAD-8295-4C63-B421-B04B1C607040},0.0321540066713,1.85563899818
820,NAM,Namibia,NAMIBIA,AFR,1,2,0,0,NAM,{1A87874C-8C91-4280-A156-B0EFF69CCAE4},72.2304611473,53.8850961995
821,NCL,New Caledonia,New Caledonia *,OCE,3,1,1,0,FRA,{32AFDEC4-1266-4E25-9D3C-A1BB3CF8597E},1.6469547369,24.6370384194
822,NER,Niger,NIGER,AFR,1,0,0,0,NER,{066A95CA-69AA-4EE5-A834-709A69D4D58E},100.662109068,53.3703212861
823,NFK,Norfolk Island,Norfolk Island (Aust.),OCE,4,1,1,0,AUS,{DE369C04-E626-43C9-9EDC-1371712B0339},0.00360012144625,0.347269937384
824,NGA,Nigeria,NIGERIA,AFR,1,0,0,0,NGA,{0977CCC3-BB24-45AE-8A5B-D0CB23D574DB},75.0492743235,52.2176947403
825,NIC,Nicaragua,NICARAGUA,AME,1,2,2,0,NIC,{21599714-D730-4685-9D7A-1C9FA2988F05},10.7554104403,22.6518467771
826,NIU,Niue,NIUE,OCE,1,1,0,0,NZL,{5D20D66E-EA2E-42CA-811B-9713867D6E27},0.0228456820144,0.602520460102
827,NLD,Netherlands,NETHERLANDS,EUR,1,2,2,0,NLD,{B4845913-8F44-45A6-9B85-1807F4D4249B},4.63028558831,32.6717994085
828,NOR,Norway,NORWAY,EUR,1,2,2,0,NOR,{19F491D5-4012-4664-A9B2-E2C74989A847},60.5903261525,564.031561796
829,NPL,Nepal,NEPAL,ASI,1,0,0,0,NPL,{C721360E-A162-4B02-B62E-4540F3A60DF8},13.5755591184,30.7477844969
830,NRU,Nauru,NAURU,OCE,1,1,0,0,NRU,{1C6FB9B8-B349-4EC4-AD01-470930466B59},0.00148362827887,0.144695004277
831,NZL,New Zealand,NEW ZEALAND,OCE,1,1,1,0,NZL,{74D967CD-ED65-4C2E-83C3-E755374D0E35},29.1562843778,194.665095972
832,OMN,Oman,OMAN,ASI,1,2,2,0,OMN,{D45BB2EC-73F9-47A9-902B-8921FB87DC89},26.7309653837,38.3900136425
833,PAK,Pakistan,PAKISTAN,ASI,1,2,2,0,PAK,{FE1AAA73-32AB-4152-B8A7-FCFC8891EF10},73.8343361859,94.9395317427
834,PAN,Panama,PANAMA,AME,1,2,2,0,PAN,{1470107F-06FD-4BA8-9EED-CDF6169FE3C3},6.12098493498,51.58587044
835,PCN,Pitcairn,Pitcairn *,OCE,3,1,1,0,GBR,{2196815E-C2ED-47F2-97BE-B9CC1D08B4AD},0.00474278213447,0.494734576046
836,PER,Peru,PERU,AME,1,2,2,0,PER,{877E83A7-169A-45F0-840E-15EA6B46B2A0},106.661766714,89.6291902069
837,PHL,Philippines,PHILIPPINES,ASI,1,1,1,0,PHL,{5D3F48DA-CD6A-4D20-958A-581CCC2D223C},24.53760778,270.750476434
858,SJM,Svalbard and Jan Mayen Islands,Svalbard & Jan Mayen Is. (Norw.),EUR,4,2,1,0,NOR,{53C45970-33A3-424A-84C7-EDE071CB181B},25.8002572624,190.019805891
859,SLB,Solomon Islands,SOLOMON ISLANDS,OCE,1,1,1,0,SLB,{CD075628-EA3B-4A88-912D-A439865811AB},2.36158003935,66.6702899325
860,SLE,Sierra Leone,SIERRA LEONE,AFR,1,2,2,0,SLE,{A4298A97-C8D2-4A27-A0F8-FEB2A785AF8F},5.95531279297,19.6990658167
861,SLV,El Salvador,EL SALVADOR,AME,1,2,2,0,SLV,{1A4D76EA-8245-47BE-8231-BD8FEB58B6A5},1.72916887504,9.79302053088
838,PLW,Palau,PALAU,OCE,1,1,1,0,PLW,{B5A7AB6B-9F4C-41EF-9EF2-26AE6DB6BA0D},0.0376611254636,2.99023625244
839,PNG,Papua New Guinea,PAPUA NEW GUINEA,OCE,1,2,2,0,PNG,{C9298C05-507A-4AEA-938C-2B2C06AA7464},37.9008869491,178.384473579
840,POL,Poland,POLAND,EUR,1,0,0,0,POL,{498085C8-AAC4-4C89-907C-DA60B1D3B2C7},40.9443967736,46.2470852703
841,PRI,Puerto Rico,Puerto Rico (USA),AME,4,1,1,0,USA,{D41C6D51-9267-4278-8887-FDCC9094833F},0.771304755242,6.86180852409
842,PRK,Democratic People's Republic of Korea,DEMOCRATIC PEOPLE'S REPUBLIC OF KOREA,ASI,1,2,2,0,PRK,{93406B60-437D-403B-A4B3-188156C12652},12.9506423093,46.2213219499
843,PRT,Portugal,PORTUGAL,EUR,1,1,1,0,PRT,{F7CC181A-F679-45C7-847E-2960F500F203},9.63490737958,37.6212879903
844,PRY,Paraguay,PARAGUAY,AME,1,0,0,0,PRY,{FD4BA84A-CA78-438D-82F3-C1956BF82504},35.2458092894,37.355895901
845,PSE,Gaza,GAZA,ASI,2,0,0,0,PSE,{FC9A9586-93D2-41D8-9594-BB7D063A8C1E},0.585767122186,5.41200047904
846,PYF,French Polynesia,French Polynesia *,OCE,3,1,0,0,FRA,{848B7F89-A3EE-4AFC-8988-DB29C39BD5A8},0.315781872293,37.0176075313
847,QAT,Qatar,QATAR,ASI,1,2,2,0,QAT,{C6DCDE67-04F6-4D0C-8E07-D17117825AB6},1.0469206587,9.04496835638
862,SMR,San Marino,SAN MARINO,EUR,1,0,0,0,SMR,{C0389EB2-17B4-41B8-894C-AAB529609C58},0.00683099154234,0.390166761732
855,SGP,Singapore,SINGAPORE,ASI,1,1,1,0,SGP,{64BFE66C-D7CB-45A1-A74E-6E9F5734E665},0.0482709362111,2.03842433165
856,SGS,South Georgia and the South Sandwich Islands,South Georgia and the South Sandwich Is.,AME,4,1,1,0,GBR,{3E1B06D2-081A-4DB0-A507-F5E8B62A4B77},0.540472572364,15.2251518433
857,SHN,Saint Helena,Saint Helena *,AFR,3,1,1,0,GBR,{9FD0D2B5-3D9F-4398-91E3-41A74EBFDCC7},0.0371838320762,1.90113502045
864,SPM,Saint Pierre and Miquelon,Saint Pierre and Miquelon (Fr.),AME,4,1,1,0,FRA,{F5F3821B-FB94-432A-870B-400C571341E3},0.0269381415618,1.72568201833
865,SRB,Serbia,SERBIA,EUR,1,0,0,0,SRB,{6D7BF919-9F8E-410A-B485-B874206633BE},9.93272093969,24.3713930232
866,SSD,South Sudan,SOUTH SUDAN,AFR,1,0,0,0,SSD,{A5C08137-DAC2-4D2D-9EE7-6631C7510F59},51.8512320641,46.4091108211
867,STP,Sao Tome and Principe,SAO TOME AND PRINCIPE,AFR,1,1,1,0,STP,{E05BBC16-C1E2-4F5E-AC11-7763455F149B},0.0819441933089,2.03983243612
868,SUR,Suriname,SURINAME,AME,1,2,0,0,SUR,{80621D76-10F8-4854-AE35-2E7804B8CA04},11.8003815554,19.5358395898
869,SVK,Slovakia,SLOVAKIA,EUR,1,0,0,0,SVK,{06CCC692-D471-43AE-B068-ECF77F99C958},5.99025097947,17.9255165021
870,SVN,Slovenia,SLOVENIA,EUR,1,0,0,0,SVN,{93AEF830-422D-4AD5-A5AA-A05E03D87A33},2.35919015929,13.4609747218
871,SWE,Sweden,SWEDEN,EUR,1,2,2,0,SWE,{BC0F5256-EBBA-48BA-B391-C68C9D846EA5},79.0979201645,192.60913666
900,VGB,British Virgin Islands,British Virgin Islands *,AME,3,1,1,0,GBR,{270D2E51-B3E4-4B50-9C5F-0B5BBE3A63D8},0.0145291086921,2.31943051748
901,VIR,United States Virgin Islands,United States Virgin Islands *,,3,1,1,0,USA,{E0A9CD48-846D-40EA-9709-E34E4C11A0CA},0.0303573362979,2.99108444074
902,VNM,Viet Nam,VIET NAM,ASI,1,2,2,0,VNM,{55AF2633-202B-4CB0-B09A-A126310C8C44},27.833741494,92.8429683115
872,SWZ,Eswatini,ESWATINI,AFR,1,0,0,0,SWZ,{8DF1EBF8-89D4-488E-B06B-5D36DCBC24F5},1.57350401721,5.19384907465
873,SXM,Sint Maarten,Sint Maarten (Neth.),EUR,4,2,0,0,NLD,{DCD563F6-8665-4848-BD4D-D6A7717A256F},0.00325485629139,0.342461766974
874,SYC,Seychelles,SEYCHELLES,AFR,1,1,1,0,SYC,{A6F71340-2EF6-4B10-9FFF-B7B7A395DDA8},0.0389439194334,5.44540659576
875,SYR,Syrian Arab Republic,SYRIAN ARAB REPUBLIC,ASI,1,0,0,0,SYR,{88C5F854-EAE6-42F9-B028-BADD23441655},18.5204073901,25.4039030496
903,VUT,Vanuatu,VANUATU,OCE,1,1,1,0,VUT,{5FB03650-E38B-47DC-807D-B53F034AA830},1.03378260109,27.7514606212
904,WLF,,,OCE,4,1,1,0,FRA,{093B8D04-7C4F-448D-A1EB-1FA7EDC8AB21},0.0146333970103,1.01872214279
876,TCA,Turks and Caicos Islands,Turks and Caicos Islands *,AME,3,1,1,0,GBR,{AAE40E32-5587-45BC-B6EE-33A3B0547010},0.0476991820224,5.63953597805
877,TCD,Chad,CHAD,AFR,1,0,0,0,TCD,{873F3539-16E2-4E54-98F1-4361244D159B},107.09110878,56.2190227109
878,TGO,Togo,TOGO,AFR,1,0,0,0,TGO,{DA80AF73-7CB8-4F20-8C4B-367755B97A2A},4.65542269506,16.5673833657
879,THA,Thailand,THAILAND,ASI,1,2,2,0,THA,{72BCCE5D-0523-437F-B6C6-A58449A5E25A},43.4032453535,95.2423175785
880,TJK,Tajikistan,TAJIKISTAN,ASI,1,0,0,0,TJK,{5EB8E523-6B1F-4C98-B78C-16F73BC63AC9},14.6040501545,42.8155095086
881,TKL,Tokelau,Tokelau *,OCE,3,1,1,0,NZL,{FA796C36-08DB-454A-87E7-79572AFBE9E3},0.0131857256765,1.23047812087
882,TKM,Turkmenistan,TURKMENISTAN,ASI,1,0,0,0,TKM,{3D2D4F5C-1CD1-4A86-BB63-CB44750AD9ED},57.9230950872,49.8860732482
883,TLS,Timor-Leste,TIMOR-LESTE,ASI,1,2,2,0,TLS,{23194FFC-21B8-480D-B2DE-5D0D3AAB048D},1.22375593566,9.25517495115
884,TON,Tonga,TONGA,OCE,1,1,1,0,TON,{17839D30-3E0D-41D5-B1D9-D72247869816},0.062290608214,7.78249485142
885,TTO,Trinidad and Tobago,TRINIDAD AND TOBAGO,AME,1,1,1,0,TTO,{3A125EF3-C42E-4866-8306-756A6CFD560A},0.42786492797,5.15463725138
886,TUN,Tunisia,TUNISIA,AFR,1,2,2,0,TUN,{16E87F0E-4FEB-4D8C-990C-E155BEAF2B01},15.1664737744,31.4443532312
887,TUR,Türkiye,TÜRKİYE,ASI,1,2,2,0,TUR,{A5EC0EF3-0336-4143-8D20-5CFE7230B1D1},81.2097671926,103.018283998
888,TUV,Tuvalu,TUVALU,OCE,1,1,1,0,TUV,{C86CEFAB-E5FB-4140-937B-C483B9EBCEAB},0.00245698116684,1.07071024881
889,TWN,Taiwan,Taiwan,ASI,5,2,1,0,CHN,{1608987C-BD57-4768-8A71-01FAAA4084B2},3.19982096796,13.7517020885
890,TZA,United Republic of Tanzania,UNITED REPUBLIC OF TANZANIA,AFR,1,2,2,0,TZA,{B04BB77E-B9CB-4B10-9F24-B901EBC9EE9D},76.9236227071,62.5659629876
891,UGA,Uganda,UGANDA,AFR,1,0,0,0,UGA,{DEB014FC-7FB3-4E02-9723-0D6BC8BF930C},19.6295940528,23.97399288
892,UKR,Ukraine,UKRAINE,EUR,1,0,0,0,UKR,{D24700DB-21F3-48EF-8008-D65E3022E3AB},73.5514137736,111.400120835
915,xSR,,,ASI,99,1,1,1,xSR,{69847734-946D-48C7-AC26-818A3E2ADE35},0.000742467765297,0.248769326936
893,UMI,,,OCE,4,1,0,0,USA,{E7F15F04-4E3C-4E72-97AC-5FF6DC88409D},0.0301895888736,3.59450176251
894,URY,Uruguay,URUGUAY,AME,1,2,2,0,URY,{B8CA70B9-1D70-4FB8-8E4F-AB4FED78FEA5},17.1535844023,22.9935891557
895,USA,United States of America,Hawaii (USA),AME,1,2,2,0,USA,{EEC1243E-A0A3-4FAD-940B-32246425B589},1121.07978457,951.579026708
896,UZB,Uzbekistan,UZBEKISTAN,ASI,1,0,0,0,UZB,{03DBAD2B-633D-460C-96E3-387DFD15091F},48.6392413144,73.0385075496
897,VAT,Holy See,HOLY SEE,EUR,1,2,0,0,VAT,{7DFA2C5C-6F05-4027-BB00-DCEC7E101C18},0.000060092231,0.0317324850273
898,VCT,Saint Vincent and the Grenadines,SAINT VINCENT AND THE GRENADINES,AME,1,1,1,0,VCT,{0971D5ED-7D3E-4981-AE2F-609148D709B4},0.0341295643642,1.66709442034
899,VEN,Venezuela,VENEZUELA,AME,1,1,0,0,VEN,{0598C8E6-FB60-4B1B-AD7A-CB5E1C2D4919},74.7002501198,102.57743165
905,WSM,Samoa,SAMOA,OCE,1,1,1,0,WSM,{AEEF24E2-C1FE-4F3F-9669-1BA4BAD7C8AF},0.240451208091,3.79340141257
906,xAB,Abyei,Abyei,AFR,99,0,0,0,xAB,{E15C4414-C71E-44E7-86E5-0F4CBFD9F48A},0.864403817373,3.68668305085
907,xAC,Aksai Chin,,ASI,99,0,0,0,xAC,{28ED25C1-81AC-460D-9A2A-E8428D0B6F62},3.00741507509,12.6036256637
908,xAP,,,ASI,99,0,0,0,xAP,{1549139B-C00C-42CA-8403-675FE9BBF51B},6.25972217411,19.4169648371
909,xJK,Jammu and Kashmir,Jammu and Kashmir**,ASI,99,0,0,0,xJK,{D41FE0FC-6ED5-4D4B-89B8-480A3CBCB96B},18.3419473977,29.8297123377
910,xJL,,,ASI,99,0,0,0,xJL,{E9C67241-8DBF-43B7-A225-D8BE62EE014A},0.00757997555618,1.47527586392
911,xPI,,,ASI,99,1,1,1,xPI,{EA5BC54C-0F23-4E48-A898-20154B4E755F},0.000452120896699,0.203384065292
912,xRI,,,ASI,99,1,1,0,RUS,{B77332B2-A49C-4197-A4E9-D38DCF1CB4C4},0.212336026398,6.48276954444
913,xSI,,,ASI,99,1,1,1,xSI,{88CE0370-C5C8-44A6-B200-7565FB5B44F3},0.0346547529432,4.2862571382
914,xSK,,,ASI,99,1,1,1,JPN,{940525AF-DF75-4CF2-A212-0C7687FE9389},0.000729544673852,0.199188956047
916,xUK,,,EUR,4,0,0,0,GBR,{CAE0FA0D-A307-4B4D-BC39-04F39DCA1903},0.0250529947685,2.2598412528
917,YEM,Yemen,YEMEN,ASI,1,2,2,0,YEM,{0F71D101-88C8-440F-BAE1-EDEFC48333F3},38.2935854397,43.1255807976
918,ZAF,South Africa,SOUTH AFRICA,AFR,1,2,2,0,ZAF,{514B8A96-4E02-4589-B572-31465E4E0F47},113.12351679,81.4790506706
919,ZMB,Zambia,ZAMBIA,AFR,1,2,2,0,ZMB,{E51BEDA2-4438-421B-A407-D5A653F93298},62.731595373,56.7764948367
920,ZWE,Zimbabwe,ZIMBABWE,AFR,1,0,0,0,ZWE,{EFB54336-55B1-494F-A33D-1DCDC8B05A6F},33.5649756557,29.4903659942